Name,War,G,GS,GR,GF,CG,SHO,W,L,S,HD,IP,ER,R,Rra,TBF,H,2B,3B,HR,BB,HP,IB,SO,ROE,BK,wild pitch,ERA,RA9,rRA9,rRA9pf,FIP,WHIP,K/9,BB/9,K/BB,HR/9,K%,BB%,K-BB%,BABIP,LOB,xFIP,kwERA,ERA-FIP,ERA-,rRA9-,FIP-,AVG,OBP,SLG,OPS,NP,P/G,P/IP,P/PA,QS,QS%,QS+,QS+%,QH,TL,CW,RS,RS9,start W,start L,W%,start BW,start BL,strat BQ,start BQS,start BQS%,IP/GS,P/GS,AGS,starter waa,starter war,2time,3time,plus 1,SV,HD,BLSV,BLHD,BL+,save%,TS,TH,TBS,TBH,SD,MD,IR,IRS,IRS%,BQ,BQS,BQS%,IP/GR,P/GR,gmLI,closer war,BABIP,BIP,GB%,ifFB%,ofFB%,FB%,LD%,GB/FB,HR/FB%,if1B%
반즈,5.1,31,31,0,0,0,0,12,12,0,0,186.1,75,87,80.15,788,176,27,5,8,47,18,1,160,10,0,7,3.62,4.2,3.87,3.75,3.21,1.2,7.73,2.27,3.4,0.39,20.3,6,14.3,0.308,67,2.78,3.68,0.41,85.49,79.09,75.83,0.249,0.309,0.335,0.644,2945,95,15.8,3.74,18,58.1,10,32.3,3,0,0,94,4.5,13,18,41.9,0,0,25,14,56,6.01,95,53.81,1.79,5.1,0,0,0,0,0,0,0,0,,0,0,0,0,14,13,0,0,,25,14,56,,,,,0.308,546,49.6,5,42.3,47.2,3.2,1,3,9.1
박세웅,3.31,28,28,0,0,0,0,10,11,0,0,157.1,68,80,77.45,679,179,32,4,8,32,8,1,146,12,0,8,3.89,4.58,4.43,4.31,2.84,1.34,8.35,1.83,4.56,0.46,21.5,4.7,16.8,0.359,66.8,2.3,3.39,1.05,91.8,90.86,66.97,0.284,0.326,0.386,0.712,2599,92.8,16.5,3.83,13,46.4,4,14.3,6,0,0,92,5.3,11,15,42.3,0,0,13,5,38.5,5.62,92.82,50.86,0.52,3.31,0,0,0,0,0,0,0,0,,0,0,0,0,14,11,0,0,,13,5,38.5,,,,,0.359,477,56,4.9,35.7,40.6,3.4,1.4,4,8.4
이인복,3.02,26,23,3,0,0,0,9,9,0,1,126.2,59,63,60.25,547,153,22,1,6,30,4,0,71,6,0,4,4.19,4.48,4.28,4.06,3.78,1.44,5.05,2.13,2.37,0.43,13,5.5,7.5,0.339,69.3,3.29,4.5,0.41,98.93,85.51,89.17,0.303,0.343,0.386,0.729,2027,78,16,3.71,8,34.8,1,4.3,9,0,0,71,5.3,12,11,52.2,0,0,19,5,26.3,5.28,83.91,47.22,0.8,2.96,0,0,3,0,1,0,0,0,100,0,0,0,0,8,10,0,0,,19,5,26.3,1.78,32.33,0.59,0.06,0.339,434,55.2,2.7,38.9,41.6,3.2,1.3,3.3,12.4
나균안,2.49,39,13,26,1,0,0,3,8,0,2,117.2,52,55,56.55,506,125,36,3,5,37,3,1,123,2,0,6,3.98,4.21,4.33,4.16,2.73,1.38,9.41,2.83,3.32,0.38,24.3,7.3,17,0.36,69.6,2.31,3.36,1.25,93.86,87.75,64.43,0.273,0.329,0.397,0.726,1961,50.3,16.7,3.88,6,46.2,3,23.1,2,0,0,49,6.2,5,8,38.5,0,0,18,6,33.3,5.49,89.15,50.23,0.37,1.64,2,0,16,0,2,3,3,6,25,0,1,0,2,13,14,15,10,66.7,18,6,33.3,1.78,30.85,1.17,0.85,0.36,333,44,4.7,49.3,53.9,2,0.8,2.7,12
스트레일리,2.15,11,11,0,0,0,0,4,2,0,0,62.1,16,24,22.45,260,54,8,0,5,22,6,0,55,4,0,2,2.31,3.47,3.24,3.18,3.93,1.22,7.94,3.18,2.5,0.72,21.2,8.5,12.7,0.288,77.3,3.05,3.88,-1.62,54.52,66.92,92.64,0.236,0.318,0.336,0.654,1042,94.7,16.7,4.01,6,54.5,1,9.1,4,0,0,41,5.9,7,4,63.6,0,0,4,3,75,5.67,94.73,56.18,1.04,2.15,0,0,0,0,0,0,0,0,,0,0,0,0,6,2,0,0,,4,3,75,,,,,0.288,170,45.8,6.2,44.6,50.8,3.4,0.9,5.6,11.1
구승민,1.8,73,0,73,9,0,0,2,4,0,26,62,20,20,23.95,263,46,8,1,3,35,1,4,77,0,0,7,2.9,2.9,3.48,3.43,2.91,1.31,11.18,5.08,2.2,0.44,29.3,13.3,16,0.299,79.5,2.39,3.48,0,68.52,72.33,68.56,0.205,0.315,0.29,0.605,1069,14.6,17.2,4.06,0,,0,,0,0,0,29,,0,0,,0,0,23,3,13,,,,,,18,3,4,0,26,1,0,1,96.3,0,1,0,0,24,15,31,9,29,23,3,13,0.85,14.64,1.34,1.8,0.299,144,49.3,6,39.3,45.3,5.3,1.1,4.4,4.3
최준용,1.12,68,0,68,30,0,0,3,4,14,6,71,32,35,36.85,303,63,13,0,10,20,6,3,80,5,0,4,4.06,4.44,4.67,4.44,3.69,1.17,10.14,2.54,4,1.27,26.4,6.6,19.8,0.294,72,2.1,3.02,0.37,95.73,93.57,87.11,0.237,0.301,0.398,0.699,1122,16.5,15.8,3.7,0,,0,,0,0,0,13,,0,0,,0,0,6,2,33.3,,,,,,13,0,13,14,6,3,1,4,83.3,2,1,0,0,22,12,31,6,19.4,6,2,33.3,1.04,16.5,1.52,1.12,0.294,180,41.1,5.6,50.3,55.8,3,0.7,9.1,7.9
서준원,1.11,33,4,29,6,0,0,3,3,0,2,60,32,32,30.05,265,65,10,1,3,23,5,0,45,4,0,2,4.8,4.8,4.51,4.26,3.95,1.47,6.75,3.45,1.96,0.45,17,8.7,8.3,0.333,68.5,3.42,4.4,0.85,113.28,89.78,93.24,0.278,0.355,0.368,0.723,1040,31.5,17.3,3.92,0,0,0,0,3,0,0,32,16.9,2,2,50,0,0,24,8,33.3,4.25,75,49.75,0.17,0.47,4,0,12,0,2,0,2,2,50,0,0,0,1,7,9,29,5,17.2,24,8,33.3,1.48,25.52,0.89,0.63,0.333,186,58.3,3.6,34.4,38,3.6,1.5,4.1,12.3
스파크맨,0.92,19,19,0,0,0,0,2,4,0,0,84.2,50,55,51.5,386,97,14,1,6,43,4,1,89,8,0,5,5.31,5.85,5.47,5.28,3.68,1.65,9.46,4.57,2.07,0.64,23.1,11.1,11.9,0.379,65.4,2.91,3.97,1.63,125.43,111.25,86.94,0.291,0.377,0.393,0.77,1552,81.7,18.3,4.02,5,26.3,0,0,8,0,0,37,3.9,9,9,50,0,0,15,7,46.7,4.46,81.68,46.11,-0.58,0.92,0,0,0,0,0,0,0,0,,0,0,0,0,5,8,0,0,,15,7,46.7,,,,,0.379,240,48.8,5.6,40.8,46.4,4.8,1.1,5.2,14.4
김도규,0.85,55,0,55,11,0,0,4,4,3,8,51,21,26,24.8,218,48,8,1,2,19,4,2,45,2,0,3,3.71,4.59,4.38,4.34,3.38,1.31,7.94,3.35,2.37,0.35,20.6,8.7,11.9,0.313,66.2,3,3.97,0.32,87.46,91.49,79.82,0.25,0.327,0.333,0.66,875,15.9,17.2,4.01,0,,0,,0,0,0,26,,0,0,,0,0,16,9,56.3,,,,,,15,2,8,3,8,0,2,2,84.6,1,2,0,1,13,8,35,8,22.9,16,9,56.3,0.93,15.91,1.24,0.85,0.313,147,46.7,6,44.7,50.7,2.7,0.9,2.6,16.7
김원중,0.62,43,0,43,27,0,0,2,3,17,2,43,19,21,22.35,187,40,10,1,4,16,0,3,60,4,0,3,3.98,4.4,4.68,4.53,2.41,1.3,12.56,3.35,3.75,0.84,32.1,8.6,23.5,0.35,70,1.37,2.58,1.56,93.85,95.46,56.92,0.24,0.306,0.383,0.689,747,17.4,17.4,3.99,0,,0,,0,0,0,8,,0,0,,0,0,4,0,0,,,,,,9,2,5,17,2,3,0,3,86.4,1,0,1,0,17,6,12,3,25,4,0,0,1,17.37,1.6,0.62,0.35,103,51.4,3.6,39.6,43.2,5.4,1.2,8.3,7.5
김진욱,0.11,14,12,2,1,0,0,2,5,0,0,46.2,33,36,33.25,227,43,8,1,3,35,8,1,52,1,0,4,6.36,6.94,6.41,6.26,4.55,1.67,10.03,6.75,1.49,0.58,22.9,15.4,7.5,0.32,61,3.86,4.5,1.81,150.2,132.04,107.46,0.244,0.386,0.352,0.738,904,64.6,19.4,3.98,2,16.7,1,8.3,3,0,0,16,3.2,5,7,41.7,0,0,13,6,46.2,3.81,73.5,46.08,-0.68,0.13,0,0,0,0,0,0,0,0,,0,0,0,0,4,7,1,0,0,13,6,46.2,0.5,11,0.03,-0.02,0.32,125,48.5,6.8,42.4,49.2,2.3,1,4.6,14
김창훈,0.02,1,0,1,0,0,0,0,0,0,0,1.2,1,1,1,8,3,1,0,0,0,0,0,2,0,0,0,5.4,5.4,5.4,5.02,0.78,1.8,10.8,0,,0,25,0,25,0.5,66.7,0.95,2.4,4.62,127.44,105.9,18.51,0.375,0.375,0.5,0.875,30,30,18,3.75,0,,0,,0,0,0,0,,0,0,,0,0,0,0,,,,,,,0,0,1,0,0,0,0,0,,0,0,0,0,0,0,0,0,,0,0,,1.67,30,0,0.02,0.5,6,16.7,0,83.3,83.3,0,0.2,0,0
이대호,0.01,1,0,1,0,0,0,0,0,0,1,0.1,0,0,0,1,0,0,0,0,0,0,0,0,0,0,0,0,0,0,0,3.78,0,0,0,,0,0,0,0,0,,3.78,5.4,-3.78,0,0,89.3,0,0,0,0,4,4,12,4,0,,0,,0,0,0,0,,0,0,,0,0,0,0,,,,,,,0,0,0,0,1,0,0,0,100,0,0,0,0,0,0,0,0,,0,0,,0.33,4,,0.01,0,1,100,0,0,0,0,,,
조무근,0.01,2,0,2,2,0,0,0,0,0,0,2,1,1,1.5,9,2,1,0,0,1,0,0,1,0,0,0,4.5,4.5,6.75,6.28,4.08,1.5,4.5,4.5,1,0,11.1,11.1,0,0.286,66.7,4.17,5.4,0.42,106.2,132.38,96.38,0.286,0.333,0.429,0.762,30,15,15,3.33,0,,0,,0,0,0,0,,0,0,,0,0,0,0,,,,,,,1,0,0,0,0,0,0,0,,0,0,0,0,0,0,2,1,50,0,0,,1,15,0,0.01,0.286,7,57.1,14.3,28.6,42.9,0,1.3,0,50
강윤구,-0.01,29,0,29,6,0,0,0,0,0,0,21.1,13,17,15.3,97,25,6,1,0,6,1,0,27,2,0,0,5.48,7.17,6.45,6.24,1.64,1.45,11.39,2.53,4.5,0,27.8,6.2,21.6,0.403,46.9,1.7,2.8,3.85,129.43,131.57,38.64,0.281,0.333,0.371,0.704,365,12.6,17.1,3.76,0,,0,,0,0,0,5,,0,0,,0,0,15,8,53.3,,,,,,5,0,3,0,0,0,0,0,,0,0,0,0,1,1,18,5,27.8,15,8,53.3,0.74,12.59,0.48,-0.01,0.403,62,55.6,1.6,38.1,39.7,4.8,1.4,0,12
정성종,-0.03,5,0,5,4,0,0,0,0,0,0,4.1,2,4,4,21,4,1,0,0,4,0,0,5,1,0,0,4.15,8.31,8.31,7.73,3.76,1.85,10.39,8.31,1.25,0,23.8,19,4.8,0.333,50,3.8,4.83,0.39,98.03,162.93,88.76,0.235,0.381,0.294,0.675,89,17.8,20.5,4.24,0,,0,,0,0,0,0,,0,0,,0,0,2,0,0,,,,,,0,0,1,0,0,0,0,0,,0,0,0,0,0,0,6,0,0,2,0,0,0.87,17.8,0.08,-0.03,0.333,12,66.7,0,25,25,8.3,2.7,0,0
김대우,-0.12,10,0,10,3,0,0,0,0,0,1,10,5,5,8.3,43,6,2,1,0,8,0,0,8,0,0,4,4.5,4.5,7.47,7.2,4.26,1.4,7.2,7.2,1,0,18.6,18.6,0,0.231,64.3,4.35,5.4,0.24,106.2,151.78,100.63,0.176,0.333,0.294,0.627,176,17.6,17.6,4.09,0,,0,,0,0,0,0,,0,0,,0,0,2,1,50,,,,,,,,,,,,,,,,,,,,,,,,,,,,,,,0.231,26,33.3,7.4,51.9,59.3,7.4,0.6,0,0
나원탁,-0.13,7,0,7,6,0,0,0,0,0,0,6,6,7,7,34,9,1,0,1,5,2,0,8,0,0,0,9,10.5,10.5,10.58,6.05,2.33,12,7.5,1.6,1.5,23.5,14.7,8.8,0.444,60,4.2,4.34,2.95,212.4,223.09,142.8,0.333,0.471,0.481,0.952,132,18.9,22,3.88,0,,0,,0,0,0,1,,0,0,,0,0,3,0,0,,,,,,0,0,0,0,0,0,0,0,,0,0,0,0,0,0,2,0,0,3,0,0,0.86,18.86,0.03,-0.13,0.444,18,15.8,5.3,73.7,78.9,5.3,0.2,6.7,0
진명호,-0.14,16,0,16,4,0,0,0,0,0,0,16.1,11,12,12.9,80,23,4,0,1,9,2,0,11,1,0,1,6.06,6.61,7.11,7.1,4.92,1.96,6.06,4.96,1.22,0.55,13.8,11.3,2.5,0.4,66.7,4.3,5.1,1.14,143.04,149.63,116.04,0.343,0.436,0.448,0.884,294,18.4,18,3.68,0,,0,,0,0,0,5,,0,0,,0,0,9,4,44.4,,,,,,1,0,4,0,0,0,0,0,,0,0,0,0,1,2,12,5,41.7,9,4,44.4,1.02,18.38,0.53,-0.14,0.4,55,43.1,10.3,46.6,56.9,0,0.8,3,0
이강준,-0.15,13,0,13,4,0,0,0,0,0,1,9.2,11,11,9.25,57,9,0,0,1,20,0,0,6,0,0,1,10.24,10.24,8.61,8.01,9.88,3,5.59,18.62,0.3,0.93,10.5,35.1,-24.6,0.267,64.3,8.69,8.35,0.36,241.69,168.9,233.1,0.243,0.509,0.324,0.833,252,19.4,26.1,4.42,0,,0,,0,0,0,12,,0,0,,0,0,14,6,42.9,,,,,,0,0,2,0,1,0,0,0,100,0,0,0,0,0,1,10,4,40,14,6,42.9,0.74,19.38,0.48,-0.15,0.267,30,74.2,0,22.6,22.6,3.2,3.3,14.3,11.1
문경찬,-0.17,38,0,38,18,0,0,1,2,0,1,40.1,26,27,33.05,184,51,11,0,7,13,1,1,31,1,1,2,5.8,6.02,7.37,6.9,4.63,1.59,6.92,2.9,2.38,1.56,16.8,7.1,9.8,0.336,69.1,2.99,4.23,1.17,136.92,145.42,109.32,0.311,0.359,0.506,0.865,646,17,16,3.51,0,,0,,0,0,0,14,,0,0,,0,0,4,2,50,,,,,,7,0,10,0,1,1,0,1,50,0,1,1,0,1,2,27,13,48.1,4,2,50,1.06,17,0.33,-0.17,0.346,130,32.4,7.2,60.4,67.6,0,0.5,7.4,7.8
진승현,-0.2,10,0,10,3,0,0,0,0,0,0,9,9,9,9.2,48,12,2,0,2,7,1,0,11,1,0,1,9,9,9.2,8.6,6.13,2.11,11,7,1.57,2,22.9,14.6,8.3,0.37,64.7,3.57,4.4,2.87,212.4,181.29,144.63,0.3,0.417,0.5,0.917,202,20.2,22.4,4.21,0,,0,,0,0,0,2,,0,0,,0,0,6,2,33.3,,,,,,1,0,2,0,0,0,0,0,,0,0,0,0,1,0,6,2,33.3,6,2,33.3,0.9,20.2,0.54,-0.2,0.37,27,41.4,0,51.7,51.7,6.9,0.8,13.3,0
최영환,-0.2,1,1,0,0,0,0,0,1,0,0,2.2,6,6,5.5,18,8,2,0,0,1,1,0,1,0,0,0,20.25,20.25,18.56,17.27,5.17,3.38,3.38,3.38,1,0,5.6,5.6,0,0.533,40,5.35,5.4,15.08,477.89,364.05,122.05,0.533,0.556,0.667,1.223,60,60,22.5,3.33,0,0,0,0,0,0,0,0,0,0,1,0,0,0,2,1,50,2.67,60,18,-0.25,-0.2,0,0,0,0,0,0,0,0,,0,0,0,0,0,1,0,0,,2,1,50,,,,,0.533,15,40,13.3,46.7,60,0,0.7,0,0
이승헌,-0.21,1,1,0,0,0,0,0,1,0,0,0.2,4,4,4,8,3,2,0,0,3,0,0,1,0,0,1,54,54,54,50.24,13.98,9,13.5,40.5,0.33,0,12.5,37.5,-25,0.75,33.3,14.31,8.4,40.02,1274.38,1059.04,330.02,0.75,0.75,1.25,2,34,34,51,4.25,0,0,0,0,0,0,0,0,0,0,1,0,0,0,2,0,0,0.67,34,28,-0.23,-0.21,0,0,0,0,0,0,0,0,,0,0,0,0,0,1,0,0,,2,0,0,,,,,0.75,4,0,0,100,100,0,0,0,0
김민기,-0.24,1,0,1,0,0,0,0,0,0,0,0.2,5,5,5.35,8,6,2,0,1,1,0,0,0,0,0,0,67.5,67.5,72.23,67.2,26.28,10.5,0,13.5,0,13.5,0,12.5,-12.5,0.833,33.3,8.84,6.9,41.22,1592.97,1416.47,620.3,0.857,0.875,1.571,2.446,23,23,34.5,2.88,0,,0,,0,0,0,0,,0,0,,0,0,1,1,100,,,,,,0,0,0,0,0,0,0,0,,0,0,0,0,0,0,2,2,100,1,1,100,0.67,23,0.06,-0.24,0.833,6,28.6,0,71.4,71.4,0,0.4,20,0
최건,-0.3,5,0,5,1,0,0,0,0,0,0,2.1,6,8,6.45,20,7,3,0,0,6,0,0,3,0,0,0,23.14,30.86,24.88,23.65,8.54,5.57,11.57,23.14,0.5,0,15,30,-15,0.636,38.5,8.7,7.2,14.6,546.16,498.44,201.57,0.5,0.65,0.714,1.364,81,16.2,34.7,4.05,0,,0,,0,0,0,0,,0,0,,0,0,7,3,42.9,,,,,,0,0,0,0,0,0,0,0,,0,0,0,0,0,2,0,0,,7,3,42.9,0.47,16.2,0.3,-0.3,0.636,11,27.3,0,63.6,63.6,9.1,0.4,0,0
이민석,-0.34,27,1,26,1,0,0,1,1,0,5,33.2,22,27,27.3,167,43,8,0,4,19,2,1,37,4,0,3,5.88,7.22,7.3,7,4.29,1.84,9.89,5.08,1.95,1.07,22.2,11.4,10.8,0.386,63.8,2.95,4.11,1.59,138.79,147.5,101.29,0.305,0.393,0.447,0.84,645,23.9,19.2,3.86,0,0,0,0,0,0,0,14,37.8,0,0,,0,0,17,8,47.1,3.33,81,31,-0.16,-0.1,3,0,8,0,5,0,0,0,100,0,0,0,0,5,7,14,9,64.3,17,8,47.1,1.17,21.69,0.8,-0.24,0.386,101,55,3.7,36.7,40.4,4.6,1.4,9.1,9.3
김유영,-0.95,68,0,68,7,0,0,6,2,0,13,51,32,34,42.3,254,73,15,1,4,30,3,2,44,1,0,4,5.65,6,7.46,7.11,4.44,2.02,7.77,5.29,1.47,0.71,17.3,11.8,5.5,0.401,72,3.59,4.74,1.2,133.27,149.9,104.9,0.333,0.419,0.466,0.885,986,14.5,19.3,3.88,0,,0,,0,0,0,44,,0,0,,0,0,44,13,29.5,,,,,,19,2,10,0,13,2,0,2,86.7,0,2,0,0,15,14,58,28,48.3,44,13,29.5,0.75,14.5,1.24,-0.95,0.401,172,53.7,3.4,40.1,43.5,2.8,1.2,5.2,11
